{
    "default": {
        "text": {
            "start": "<b>EventFlow — конструктор Telegram-ботов!</b>\n\n<blockquote>Создай и настрой бота за несколько шагов</blockquote>\n<blockquote>Введи название и API-ключ</blockquote>\n<blockquote>Начни проектировать с удобным интерфейсом</blockquote>",
            "help": "<b>Контакт администратора приложения</b>\n\n<i>Задайте вопрос или напишите о проблеме</i>",
            "settings": "<b>Выберите нужную настройку</b>\n\n<i>Нажмите на кнопку, чтобы перейти</i>",
            "lang": "<b>Выберите язык</b>\n\n<i>Нажмите на кнопку, чтобы изменить</i>",
            "miniapp": "<b>Мини-приложение создано</b>\n\n<i>Нажмите на кнопку, чтобы его открыть</i>",
            "test": "<b>Тестовое мини-приложение создано</b>\n\n<i>Нажмите на кнопку, чтобы его открыть</i>",
            "url_app": "https://abdurakhmanov777.github.io/EventFlow-Frontend/",
            "url_test": "https://lh7fk1md-5500.euw.devtunnels.ms/"
        },
        "keyboard": {
            "start": [
                [
                    [
                        "Мини-приложение",
                        "miniapp"
                    ]
                ],
                [
                    [
                        "Настройки",
                        "settings"
                    ]
                ]
            ],
            "settings": [
                [
                    [
                        "Язык системы",
                        "lang"
                    ]
                ],
                [
                    [
                        "Назад",
                        "start"
                    ]
                ]
            ],
            "miniapp": [
                "Открыть мини-приложение", "Назад"
            ],
            "lang": [
                [
                    "Русский",
                    "toggle_lang_ru"
                ],
                [
                    "English",
                    "toggle_lang_en"
                ],
                [
                    "Назад",
                    "settings"
                ]
            ]
        }
    },
    "template": {
        "input": {
            "start": [
                "<b>Введите ",
                "</b>\n\n<i>Формат: ",
                "</i>"
            ],
            "saved": [
                "<b>",
                ": ",
                "</b>\n\n<i>Чтобы изменить данные, введите их еще раз</i>"
            ],
            "error": [
                "<b>Неверный ввод данных</b>\n\n<i>Формат: ",
                "</i>"
            ],
            "error_callback": "Нет информации о "
        },
        "selection": [
            "<b>Выбери ",
            "</b>\n\n<i>Нажмите на нужный вариант ответа</i>"
        ]
    }
}
