{
    "state_1": {
        "type": "message",
        "text": "Добро пожаловать на регистрацию на Мероприятие!",
        "keyboard": [
            [
                [
                    "Соглашаюсь",
                    "state_2"
                ]
            ]
        ]
    },
    "state_2": {
        "type": "input",
        "db": "name",
        "pattern": "^[А-ЯЁ][а-яё]+\\s[А-ЯЁ][а-яё]+(?:\\s[А-ЯЁ][а-яё]+)?$",
        "text": "ФИО",
        "format": "Иванов Иван Иванович",
        "keyboard": [
            [
                [
                    "Соглашаюсь",
                    "state_2"
                ]
            ]
        ]
    },
    "state_3": {
        "type": "selection",
        "db": "vuz",
        "text": "ФИО",
        "format": "Иванов Иван Иванович",
        "keyboard": [
            [
                [
                    "Соглашаюсь",
                    "state_2"
                ]
            ]
        ]
    },
    "template": {
        "input": {
            "start": [
                "<b>Введите ",
                "</b>\n\n<i>Формат: ",
                "</i>"
            ],
            "saved": [
                "<b>: ",
                "</b>\n\n<i>Чтобы изменить данные, введи их еще раз</i>"
            ],
            "error": [
                "<b>Неверный ввод данных</b>\n\n<i>Формат: ",
                "</i>"
            ],
            "error_callback": "Нет информации о "
        },
        "selection": [
            "<b>Выбери ",
            "</b>\n\n<i>Нажмите на нужный вариант ответа</i>"
        ]
    }
}
